Ip-Mac,Start Date,Start Time,End Date,End Time,MB Consumption
100.71.225.226,01 Mar 24,02:46:23,01 Mar 24,14:45:59,9358.55
100.71.226.248,01 Mar 24,14:47:33,02 Mar 24,02:45:00,18815.96
100.71.84.54,02 Mar 24,02:46:20,02 Mar 24,14:45:59,12936.07
100.71.94.27,02 Mar 24,14:46:31,03 Mar 24,02:45:00,18294.19
100.71.35.41,03 Mar 24,02:46:23,03 Mar 24,14:45:59,13301
100.71.255.249,03 Mar 24,14:46:34,04 Mar 24,02:45:00,12637.26
100.71.83.63,04 Mar 24,02:46:20,04 Mar 24,14:45:59,10128.84
100.71.225.10,04 Mar 24,14:46:26,04 Mar 24,17:40:59,3977.56
100.71.41.181,04 Mar 24,17:43:34,05 Mar 24,02:45:00,12786.98
100.71.121.140,05 Mar 24,02:46:23,05 Mar 24,14:45:59,12171.96
100.71.24.230,05 Mar 24,14:46:34,06 Mar 24,02:45:00,21133.52
100.71.244.38,06 Mar 24,02:46:22,06 Mar 24,14:45:59,14318.33
100.71.43.255,06 Mar 24,14:46:33,07 Mar 24,02:45:00,21730.27
100.71.189.60,07 Mar 24,02:46:23,07 Mar 24,14:45:59,10189.09
100.71.164.80,07 Mar 24,14:46:34,08 Mar 24,02:45:00,17292.37
100.71.57.190,08 Mar 24,02:46:23,08 Mar 24,14:45:59,14590.45
100.71.150.66,08 Mar 24,14:46:34,09 Mar 24,02:45:00,21867.08
100.71.105.38,09 Mar 24,02:46:23,09 Mar 24,14:45:59,15762.12
100.71.235.17,09 Mar 24,14:46:34,10 Mar 24,02:45:00,18619.67
100.71.157.76,10 Mar 24,02:46:23,10 Mar 24,14:45:59,13476.73
100.71.148.116,10 Mar 24,14:46:31,11 Mar 24,02:45:00,19385.59
100.71.202.71,11 Mar 24,02:46:23,11 Mar 24,14:45:59,12609.08
100.71.71.203,11 Mar 24,14:46:33,12 Mar 24,02:45:00,11925.18
100.71.192.150,12 Mar 24,02:46:22,12 Mar 24,14:45:59,13684.59
100.71.138.72,12 Mar 24,14:46:33,13 Mar 24,02:45:00,28479.53
100.71.80.160,13 Mar 24,02:46:23,13 Mar 24,14:45:59,10110.31
100.71.55.183,13 Mar 24,14:46:34,14 Mar 24,02:45:00,16220.39
100.71.170.251,14 Mar 24,02:46:23,14 Mar 24,14:45:59,8603.79
100.71.111.167,14 Mar 24,14:46:34,15 Mar 24,02:45:00,16459.93
100.71.60.132,15 Mar 24,02:46:23,15 Mar 24,14:45:59,18033.88
100.71.252.201,15 Mar 24,14:46:34,16 Mar 24,02:45:00,19591.09
100.71.120.101,16 Mar 24,02:46:23,16 Mar 24,14:45:59,11887.23
100.71.27.6,16 Mar 24,14:46:34,17 Mar 24,02:45:00,20769.54
100.71.221.55,17 Mar 24,02:46:23,17 Mar 24,14:45:59,13501.13
100.71.155.24,17 Mar 24,14:46:34,18 Mar 24,02:45:00,15928.85
100.71.14.65,18 Mar 24,02:46:20,18 Mar 24,14:45:59,10016.56
100.71.106.212,18 Mar 24,14:46:31,19 Mar 24,02:45:00,11880.23
100.71.180.86,19 Mar 24,02:46:23,19 Mar 24,14:45:59,13993.56
100.71.27.141,19 Mar 24,14:46:34,20 Mar 24,02:45:00,18018.07
100.71.147.51,20 Mar 24,02:46:20,20 Mar 24,09:57:00,4762.86
100.71.225.221,20 Mar 24,09:58:23,20 Mar 24,21:57:59,22703.84
100.71.95.155,20 Mar 24,21:58:33,21 Mar 24,02:45:00,5150.68
100.71.171.246,21 Mar 24,02:46:24,21 Mar 24,14:45:59,14151.46
100.71.17.250,21 Mar 24,14:46:31,21 Mar 24,17:22:59,8791.42
100.71.220.210,21 Mar 24,17:33:18,22 Mar 24,02:45:00,8664.17
100.71.161.29,22 Mar 24,02:46:23,22 Mar 24,09:41:00,7174.6
100.71.16.237,22 Mar 24,09:43:36,22 Mar 24,21:43:00,16722.99
100.71.119.49,22 Mar 24,21:43:44,23 Mar 24,02:45:00,6821.67
100.71.197.96,23 Mar 24,02:46:20,23 Mar 24,14:45:59,14963.02
100.71.198.2,23 Mar 24,14:46:33,24 Mar 24,02:45:00,14040
100.71.150.57,24 Mar 24,02:46:23,24 Mar 24,14:45:59,15115.77
100.71.182.78,24 Mar 24,14:46:33,24 Mar 24,18:51:00,9175.53
100.71.192.94,24 Mar 24,21:28:12,25 Mar 24,02:45:00,6612.29
100.71.45.26,25 Mar 24,02:46:22,25 Mar 24,14:45:59,12975.04
100.71.128.225,25 Mar 24,14:46:34,26 Mar 24,02:45:00,17255.7
100.71.69.171,26 Mar 24,02:46:19,26 Mar 24,06:33:59,351.36
100.71.92.184,26 Mar 24,06:34:46,26 Mar 24,18:33:59,27397.38
100.71.188.76,26 Mar 24,18:34:57,27 Mar 24,02:45:00,11164.57
100.71.89.174,27 Mar 24,02:46:22,27 Mar 24,14:45:59,14785.66
100.71.252.225,27 Mar 24,14:46:34,28 Mar 24,02:45:00,13870.72
100.71.172.234,28 Mar 24,02:46:23,28 Mar 24,14:45:59,12762.84
100.71.74.157,28 Mar 24,14:46:34,29 Mar 24,02:45:00,13211
100.71.24.39,29 Mar 24,02:46:22,29 Mar 24,14:45:59,11012.15
100.71.193.19,29 Mar 24,14:46:34,30 Mar 24,02:45:00,13380.85
100.71.248.240,30 Mar 24,02:46:19,30 Mar 24,09:22:00,2347.2
100.71.84.245,30 Mar 24,13:25:18,31 Mar 24,01:24:59,18364.18
100.71.150.108,31 Mar 24,01:25:28,31 Mar 24,02:45:00,302.8
100.71.86.186,31 Mar 24,02:46:23,31 Mar 24,14:45:59,16346.26
100.71.218.214,31 Mar 24,14:46:30,31 Mar 24,16:55:59,3456.74
100.71.66.137,31 Mar 24,16:57:09,01 Apr 24,02:45:00,13187.92
100.71.44.14,01 Apr 24,02:46:20,01 Apr 24,09:51:00,4970.24
100.71.7.75,01 Apr 24,09:52:39,01 Apr 24,21:52:00,17375.59
100.71.140.40,01 Apr 24,21:52:50,02 Apr 24,02:45:00,3226.98
100.71.64.160,02 Apr 24,02:46:24,02 Apr 24,14:45:59,10596.91
100.71.223.27,02 Apr 24,14:46:33,03 Apr 24,02:45:00,17384.8
100.71.113.121,03 Apr 24,02:46:23,03 Apr 24,14:45:59,19116.86
100.71.41.12,03 Apr 24,14:46:34,04 Apr 24,02:45:00,13091.13
100.71.177.169,04 Apr 24,02:46:20,04 Apr 24,10:02:59,6216.81
100.71.130.75,04 Apr 24,10:04:25,04 Apr 24,22:04:00,23461.8
100.71.240.189,04 Apr 24,22:04:32,05 Apr 24,02:45:00,5454.53
100.71.25.52,05 Apr 24,02:46:24,05 Apr 24,14:45:59,15497.2
100.71.218.205,05 Apr 24,14:46:34,06 Apr 24,02:45:00,16672.37
100.71.119.10,06 Apr 24,02:46:22,06 Apr 24,10:34:59,3934.04
100.71.52.246,06 Apr 24,10:36:08,06 Apr 24,22:36:00,23846.18
100.71.109.152,06 Apr 24,22:36:16,07 Apr 24,02:45:00,2437.33
100.71.36.110,07 Apr 24,02:46:22,07 Apr 24,14:45:59,18812.26
100.71.127.8,07 Apr 24,14:46:33,07 Apr 24,22:44:00,16629.92
100.71.234.181,07 Apr 24,22:45:32,08 Apr 24,02:45:00,932.18
100.71.192.200,08 Apr 24,02:46:22,08 Apr 24,14:45:59,13928.38
100.71.8.126,08 Apr 24,14:46:33,09 Apr 24,02:45:00,23332.71
100.71.74.27,09 Apr 24,02:46:23,09 Apr 24,14:40:00,14588.63
100.71.44.213,09 Apr 24,14:48:46,10 Apr 24,02:45:00,12131.2
100.71.232.80,10 Apr 24,02:46:23,10 Apr 24,12:52:00,4488.18
100.71.195.46,10 Apr 24,12:52:54,10 Apr 24,23:54:59,15488.65
100.71.153.208,10 Apr 24,23:56:28,11 Apr 24,02:45:00,1020.92
100.71.227.15,11 Apr 24,02:46:22,11 Apr 24,14:45:59,10476.13
100.71.54.52,11 Apr 24,14:46:33,12 Apr 24,02:45:00,10743.5
100.71.245.111,12 Apr 24,02:46:23,12 Apr 24,14:45:59,8772.81
100.71.212.110,12 Apr 24,14:46:34,13 Apr 24,02:45:00,16912.07
100.71.140.107,13 Apr 24,02:46:23,13 Apr 24,14:45:59,5263.03
100.71.121.55,13 Apr 24,14:46:34,14 Apr 24,02:45:00,10576.74
100.71.74.80,14 Apr 24,02:46:22,14 Apr 24,14:45:59,8434.77
100.71.29.10,14 Apr 24,14:46:34,15 Apr 24,02:45:00,11169.42
100.71.255.146,15 Apr 24,02:46:23,15 Apr 24,14:45:59,12193.27
100.71.246.32,15 Apr 24,14:46:33,15 Apr 24,20:54:59,9902.04
100.71.76.139,15 Apr 24,20:55:33,16 Apr 24,02:45:00,9992.73
100.71.88.101,16 Apr 24,02:46:23,16 Apr 24,14:45:59,5226.57
100.71.48.0,16 Apr 24,14:46:34,17 Apr 24,02:45:00,13037.39
100.71.115.32,17 Apr 24,02:46:27,17 Apr 24,14:45:59,7876.42
100.71.130.125,17 Apr 24,14:46:39,18 Apr 24,02:45:00,15093.8
100.71.96.36,18 Apr 24,02:46:22,18 Apr 24,14:06:00,8600.22
100.71.72.117,18 Apr 24,14:08:04,19 Apr 24,02:08:00,19166.91
100.71.41.55,19 Apr 24,02:08:11,19 Apr 24,02:45:00,36.17
100.71.75.31,19 Apr 24,02:46:23,19 Apr 24,14:45:59,13937.28
100.71.29.204,19 Apr 24,14:46:35,20 Apr 24,02:45:00,20900.92
100.71.119.150,20 Apr 24,02:46:23,20 Apr 24,14:45:59,6090.03
100.71.61.187,20 Apr 24,14:46:34,21 Apr 24,02:45:00,27127.51
100.71.139.130,21 Apr 24,02:46:23,21 Apr 24,14:45:59,11437.15
100.71.62.41,21 Apr 24,14:46:34,22 Apr 24,02:45:00,15268.54
100.71.114.70,22 Apr 24,02:46:22,22 Apr 24,14:45:59,10337.48
100.71.106.249,22 Apr 24,14:46:34,23 Apr 24,02:45:00,12840.45
100.71.212.243,23 Apr 24,02:46:23,23 Apr 24,14:45:59,6840.93
100.71.77.174,23 Apr 24,14:46:34,24 Apr 24,02:45:00,13463.86
100.71.138.102,24 Apr 24,02:46:24,24 Apr 24,14:45:59,13128.47
100.71.200.17,24 Apr 24,14:46:35,25 Apr 24,02:45:00,9876.24
100.71.180.203,25 Apr 24,02:46:23,25 Apr 24,14:45:59,10208.31
100.71.70.86,25 Apr 24,14:46:34,26 Apr 24,02:45:00,12926.74
100.71.254.220,26 Apr 24,02:46:23,26 Apr 24,14:45:59,15530.64
100.71.136.200,26 Apr 24,14:46:34,27 Apr 24,02:45:00,14298.96
100.71.247.13,27 Apr 24,02:46:23,27 Apr 24,14:45:59,12716.55
100.71.166.255,27 Apr 24,14:46:35,27 Apr 24,22:53:59,7455.43
100.71.243.98,27 Apr 24,23:08:58,28 Apr 24,02:45:00,1670.22
100.71.147.89,28 Apr 24,02:46:20,28 Apr 24,09:47:59,5012.2
100.71.7.221,28 Apr 24,09:49:03,28 Apr 24,21:49:00,31998.82
100.71.253.139,28 Apr 24,21:49:11,29 Apr 24,02:45:00,3007.51
100.71.93.235,29 Apr 24,02:46:23,29 Apr 24,14:45:59,12820.53
100.71.45.18,29 Apr 24,14:46:34,30 Apr 24,02:45:00,10985.59
100.71.180.208,30 Apr 24,02:46:22,30 Apr 24,14:45:59,6428.61
100.71.247.44,30 Apr 24,14:46:33,01 May 24,02:45:00,17199.66
100.71.250.211,01 May 24,02:46:23,01 May 24,14:45:59,12877.2
100.71.160.32,01 May 24,14:46:33,01 May 24,22:49:00,16243.62
100.71.32.92,01 May 24,22:50:58,02 May 24,02:45:00,2353.77
100.71.164.91,02 May 24,02:46:23,02 May 24,14:45:59,14366.34
100.71.188.160,02 May 24,14:46:34,03 May 24,02:45:00,18767.73
100.71.251.60,03 May 24,02:46:23,03 May 24,14:45:59,16464.71
100.71.204.61,03 May 24,14:46:37,04 May 24,02:45:00,19465.73
100.71.249.185,04 May 24,02:46:22,04 May 24,14:45:59,11845.07
100.71.81.176,04 May 24,14:46:34,04 May 24,23:08:59,8703.08
100.71.54.125,04 May 24,23:10:48,05 May 24,02:45:00,1497.13
100.71.22.127,05 May 24,02:46:24,05 May 24,14:45:59,11247.44
100.71.233.183,05 May 24,14:46:33,05 May 24,18:43:00,5524.59
100.71.236.82,05 May 24,18:43:59,06 May 24,02:45:00,7487.56
100.71.162.225,06 May 24,02:46:22,06 May 24,14:45:59,10552.23
100.71.129.3,06 May 24,14:46:31,06 May 24,21:23:59,13085.07
100.71.41.109,06 May 24,21:26:53,07 May 24,02:45:00,5695.2
100.71.161.201,07 May 24,02:46:23,07 May 24,14:45:59,24796.3
100.71.116.170,07 May 24,14:46:34,08 May 24,02:45:00,21315.42
100.71.29.245,08 May 24,02:46:24,08 May 24,14:45:59,23657.85
100.71.148.54,08 May 24,14:46:35,09 May 24,02:45:00,18775.25
100.71.219.13,09 May 24,02:46:23,09 May 24,14:45:59,25550.34
100.71.16.97,09 May 24,14:46:31,09 May 24,17:42:00,3841.56
100.71.223.173,09 May 24,17:44:09,10 May 24,02:45:00,3662.24
100.71.196.238,10 May 24,02:46:23,10 May 24,14:45:59,9729.52
100.71.35.8,10 May 24,14:46:35,11 May 24,02:45:00,26529.56
100.71.80.186,11 May 24,02:46:20,11 May 24,14:45:59,13896.26
100.71.184.8,11 May 24,14:46:31,11 May 24,22:21:59,10551.6
100.71.32.233,11 May 24,22:23:43,12 May 24,02:45:00,7847.97
100.71.159.136,12 May 24,02:46:22,12 May 24,14:45:59,25438.75
100.71.46.221,12 May 24,14:46:34,13 May 24,02:45:00,16861.39
100.71.25.59,13 May 24,02:46:22,13 May 24,14:45:59,20844.21
100.71.41.48,13 May 24,14:46:34,14 May 24,02:45:00,16876.75
100.71.19.232,14 May 24,02:46:23,14 May 24,14:27:00,9822.77
100.71.157.97,14 May 24,14:50:49,15 May 24,02:45:00,15180.9
100.71.179.48,15 May 24,02:46:23,15 May 24,14:45:59,16928.29
100.71.186.140,15 May 24,14:46:34,16 May 24,02:45:00,18121.67
100.71.196.4,16 May 24,02:46:24,16 May 24,14:45:59,15535.76
100.71.87.222,16 May 24,14:46:35,17 May 24,02:45:00,22716.43
100.71.39.128,17 May 24,02:46:23,17 May 24,14:45:59,14634.7
100.71.35.254,17 May 24,14:46:35,18 May 24,02:45:00,16970.64
100.71.92.5,18 May 24,02:46:22,18 May 24,14:45:59,14113.81
100.71.144.76,18 May 24,14:46:34,19 May 24,02:45:00,17140.24
100.71.224.110,19 May 24,02:46:22,19 May 24,14:45:59,13065.08
100.71.52.200,19 May 24,14:46:31,19 May 24,18:52:59,12964.33
100.71.53.24,20 May 24,16:05:34,21 May 24,02:45:00,18715.84
100.71.168.234,21 May 24,02:46:23,21 May 24,14:45:59,18659.82
100.71.100.58,21 May 24,14:46:34,22 May 24,02:45:00,13916.09
100.71.131.57,22 May 24,02:46:23,22 May 24,14:45:59,13100.57
100.71.8.175,22 May 24,14:46:34,23 May 24,02:45:00,3858.54
100.71.126.34,23 May 24,02:46:22,23 May 24,14:45:59,3798.97
100.71.65.115,23 May 24,14:46:34,24 May 24,02:45:00,1935.84
100.71.150.77,24 May 24,02:46:23,24 May 24,14:45:59,9002.35
100.71.173.112,24 May 24,14:46:34,25 May 24,02:45:00,8101.45
100.71.67.190,25 May 24,02:46:22,25 May 24,14:45:59,7417.07
100.71.119.0,25 May 24,14:46:33,26 May 24,02:45:00,11159.27
100.71.60.175,26 May 24,02:46:23,26 May 24,14:45:59,6466.84
100.71.42.187,26 May 24,14:46:34,26 May 24,22:34:00,8304.57
100.71.145.47,26 May 24,22:35:38,27 May 24,02:45:00,2044.23
100.71.120.60,27 May 24,02:46:23,27 May 24,14:45:59,11330
100.71.166.224,27 May 24,14:46:31,27 May 24,22:42:00,7733.09
100.71.126.120,27 May 24,22:43:27,28 May 24,02:45:00,3424.35
100.71.106.133,28 May 24,02:46:20,28 May 24,12:14:00,10032.07
100.71.185.183,29 May 24,03:03:29,29 May 24,15:02:59,7695.14
100.71.195.252,29 May 24,15:03:40,30 May 24,02:45:00,7159.94
100.71.231.238,30 May 24,02:46:23,30 May 24,14:45:59,4954.35
100.71.109.28,30 May 24,14:46:37,31 May 24,02:45:00,10254.37
100.71.137.68,31 May 24,02:46:20,31 May 24,09:01:00,3623.97
100.71.79.223,31 May 24,09:03:18,31 May 24,21:02:59,24752.23
100.71.170.127,31 May 24,21:03:29,01 Jun 24,02:45:00,4882.41
100.71.252.185,01 Jun 24,02:46:23,01 Jun 24,14:45:59,14522.66
100.71.133.217,01 Jun 24,14:46:34,02 Jun 24,02:45:00,14062.57
100.71.188.150,02 Jun 24,02:46:19,02 Jun 24,09:04:59,4089.33
100.71.67.162,02 Jun 24,09:07:47,02 Jun 24,16:20:00,7928.13
100.71.70.210,05 Jun 24,11:15:23,05 Jun 24,11:51:59,576.3
100.71.193.11,05 Jun 24,11:57:07,05 Jun 24,23:56:59,17048.29
100.71.103.173,05 Jun 24,23:57:14,06 Jun 24,02:45:00,494.5
100.71.123.224,06 Jun 24,02:46:23,06 Jun 24,14:45:59,11534.49
100.71.241.170,06 Jun 24,14:46:31,07 Jun 24,02:45:00,13761.72
100.71.169.29,07 Jun 24,02:46:23,07 Jun 24,14:45:59,13950.68
100.71.76.6,07 Jun 24,14:46:35,08 Jun 24,02:45:00,12623.88
100.71.149.28,08 Jun 24,02:46:23,08 Jun 24,14:45:59,8067.59
100.71.129.28,08 Jun 24,14:46:31,09 Jun 24,02:45:00,15642.31
100.71.63.217,09 Jun 24,02:46:20,09 Jun 24,14:45:59,11833.19
100.71.69.222,09 Jun 24,14:46:33,10 Jun 24,02:45:00,21953.54
100.71.58.28,10 Jun 24,02:46:22,10 Jun 24,14:45:59,12214.27
100.71.21.97,10 Jun 24,14:46:34,11 Jun 24,02:45:00,9147.57
100.71.248.220,11 Jun 24,02:46:20,11 Jun 24,14:45:59,8972.01
100.71.225.126,11 Jun 24,14:46:31,12 Jun 24,02:45:00,10176.44
100.71.36.169,12 Jun 24,02:46:23,12 Jun 24,14:45:59,7748.13
100.71.34.161,12 Jun 24,14:46:34,13 Jun 24,02:45:00,22011.29
100.71.185.31,13 Jun 24,02:46:23,13 Jun 24,14:45:59,15165.7
100.71.245.1,13 Jun 24,14:46:34,14 Jun 24,02:45:00,16067.92
100.71.249.254,14 Jun 24,02:46:23,14 Jun 24,14:45:59,6404.15
100.71.32.210,14 Jun 24,14:46:34,15 Jun 24,02:45:00,13859.11
100.71.239.51,15 Jun 24,02:46:23,15 Jun 24,14:45:59,10374.5
100.71.115.175,15 Jun 24,14:46:37,16 Jun 24,02:45:00,11861.6
100.71.240.84,16 Jun 24,02:46:24,16 Jun 24,14:45:59,12255.58
100.71.200.112,16 Jun 24,14:46:31,16 Jun 24,21:57:59,8341.16
100.71.236.131,16 Jun 24,22:00:11,17 Jun 24,02:45:00,2217.52
100.71.159.25,17 Jun 24,02:46:19,17 Jun 24,08:56:59,2055.13
100.71.9.15,17 Jun 24,08:59:58,17 Jun 24,20:59:59,10558.54
100.71.185.34,17 Jun 24,21:00:09,18 Jun 24,02:45:00,5798.92
100.71.38.250,18 Jun 24,02:46:23,18 Jun 24,14:45:59,6885.15
100.71.141.117,18 Jun 24,14:46:34,19 Jun 24,02:45:00,9895.01
100.71.157.16,19 Jun 24,02:46:22,19 Jun 24,11:37:59,7144.22
100.71.137.147,21 Jun 24,12:40:21,22 Jun 24,00:39:59,14356.75
100.71.138.236,22 Jun 24,00:40:29,22 Jun 24,02:45:00,426.43
100.71.62.176,22 Jun 24,02:46:23,22 Jun 24,14:45:59,16634.19
100.71.185.203,22 Jun 24,14:46:35,23 Jun 24,02:45:00,16900.59
100.71.121.25,23 Jun 24,02:46:23,23 Jun 24,14:45:59,26040.11
100.71.37.243,23 Jun 24,14:46:31,23 Jun 24,16:13:00,3336.53
100.71.79.18,25 Jun 24,17:44:49,25 Jun 24,17:53:59,679.67
100.71.41.72,25 Jun 24,17:54:23,26 Jun 24,02:45:00,7658.31
100.71.98.80,26 Jun 24,02:46:22,26 Jun 24,14:45:59,9456.13
100.71.47.149,26 Jun 24,14:46:34,27 Jun 24,02:45:00,17276.2
100.71.140.110,27 Jun 24,02:46:22,27 Jun 24,14:45:59,12038.97
100.71.110.84,27 Jun 24,14:46:33,28 Jun 24,02:45:00,12417.72
100.71.118.207,28 Jun 24,02:46:23,28 Jun 24,14:45:59,17095.43
100.71.159.174,28 Jun 24,14:46:35,29 Jun 24,02:45:00,14321.39
100.71.224.53,29 Jun 24,02:46:23,29 Jun 24,11:00:59,6720.3
100.71.81.20,29 Jun 24,11:01:31,29 Jun 24,23:00:59,16957.03
100.71.101.182,29 Jun 24,23:01:39,30 Jun 24,02:45:00,3577.12
100.71.248.169,30 Jun 24,02:46:20,30 Jun 24,09:59:00,5828.88
100.71.254.123,30 Jun 24,09:59:52,30 Jun 24,21:59:00,24447.4
100.71.100.170,30 Jun 24,22:00:00,01 Jul 24,02:45:00,7694.14
100.71.145.120,01 Jul 24,02:46:22,01 Jul 24,14:45:59,13893.77
100.71.149.22,01 Jul 24,14:46:31,02 Jul 24,02:45:00,18865.15
100.71.186.15,02 Jul 24,02:46:22,02 Jul 24,14:45:59,15279.42
100.71.115.82,02 Jul 24,14:46:33,03 Jul 24,02:45:00,20605.25
100.71.53.206,03 Jul 24,02:46:22,03 Jul 24,14:45:59,11214.36
100.71.56.83,03 Jul 24,14:46:31,03 Jul 24,23:13:00,10438.52
100.71.98.81,03 Jul 24,23:32:36,04 Jul 24,02:45:00,1083.78
100.71.222.46,04 Jul 24,02:46:23,04 Jul 24,14:45:59,14758.47
100.71.245.243,04 Jul 24,14:46:34,05 Jul 24,02:45:00,24127.35
100.71.3.24,05 Jul 24,02:46:23,05 Jul 24,14:45:59,18458.77
100.71.154.239,05 Jul 24,14:46:34,06 Jul 24,02:45:00,17689.16
100.71.0.149,06 Jul 24,02:46:22,06 Jul 24,14:45:59,8816.56
100.71.24.95,06 Jul 24,14:46:33,07 Jul 24,02:45:00,19953.87
100.71.129.214,07 Jul 24,02:46:24,07 Jul 24,14:45:59,11582.36
100.71.153.16,07 Jul 24,14:46:37,08 Jul 24,02:45:00,22458.17
100.71.179.189,08 Jul 24,02:46:23,08 Jul 24,14:45:59,11835.47
100.71.149.122,08 Jul 24,14:46:34,09 Jul 24,02:45:00,16183.35
100.71.88.226,09 Jul 24,02:46:23,09 Jul 24,14:45:59,11686.06
100.71.94.169,09 Jul 24,14:46:34,10 Jul 24,02:45:00,20418.32
100.71.0.128,10 Jul 24,02:46:23,10 Jul 24,14:45:59,14651.86
100.71.174.83,10 Jul 24,14:46:34,11 Jul 24,02:45:00,19763.6
100.71.252.189,11 Jul 24,02:46:22,11 Jul 24,14:45:59,12594.54
100.71.181.207,11 Jul 24,14:46:35,12 Jul 24,02:45:00,14624.62
100.71.243.220,12 Jul 24,02:46:22,12 Jul 24,09:01:00,3109.51
100.71.236.232,12 Jul 24,09:03:56,12 Jul 24,09:06:00,12.54
100.71.130.30,12 Jul 24,09:10:22,12 Jul 24,10:05:59,658.62
100.71.79.141,12 Jul 24,10:08:19,12 Jul 24,10:29:00,242.49
100.71.78.123,12 Jul 24,10:29:32,12 Jul 24,22:10:00,17332.85
100.71.232.107,12 Jul 24,22:11:37,13 Jul 24,02:45:00,1739.98
100.71.173.22,13 Jul 24,02:46:20,13 Jul 24,06:52:59,945.94
100.71.32.125,13 Jul 24,06:55:42,13 Jul 24,10:37:00,3923.92
100.71.242.136,13 Jul 24,10:39:29,13 Jul 24,10:39:59,6.78
100.71.85.78,13 Jul 24,10:40:58,13 Jul 24,22:39:59,16426.67
100.71.14.49,13 Jul 24,22:41:06,14 Jul 24,02:45:00,730.64
100.71.9.46,14 Jul 24,02:46:23,14 Jul 24,14:45:59,12191.76
100.71.37.185,14 Jul 24,14:46:33,14 Jul 24,19:45:59,9265.16
100.71.31.248,15 Jul 24,11:23:17,15 Jul 24,23:22:59,20642.05
100.71.6.168,15 Jul 24,23:23:24,16 Jul 24,02:45:00,2161.35
100.71.180.236,16 Jul 24,02:46:23,16 Jul 24,14:45:59,12649.52
100.71.26.125,16 Jul 24,14:46:28,16 Jul 24,15:01:59,292.06
100.71.133.154,16 Jul 24,15:05:39,17 Jul 24,02:45:00,16618.21
100.71.244.127,17 Jul 24,02:46:22,17 Jul 24,14:45:59,16403.6
100.71.111.128,17 Jul 24,14:46:33,17 Jul 24,22:37:59,17506.64
100.71.137.161,17 Jul 24,22:38:41,18 Jul 24,02:45:00,8589.37
100.71.237.248,18 Jul 24,02:46:22,18 Jul 24,14:45:59,17187.96
100.71.31.40,18 Jul 24,14:46:31,18 Jul 24,22:47:59,12400.4
100.71.84.182,18 Jul 24,22:49:59,19 Jul 24,02:45:00,5057.31
100.71.218.107,19 Jul 24,02:46:23,19 Jul 24,14:45:59,14598.37
100.71.62.202,19 Jul 24,14:46:34,20 Jul 24,02:45:00,21345.21
100.71.248.35,20 Jul 24,02:46:24,20 Jul 24,14:45:59,14520.67
100.71.200.48,20 Jul 24,14:46:34,20 Jul 24,20:19:00,4673.91
100.71.121.180,20 Jul 24,21:05:06,20 Jul 24,21:12:00,146.98
100.71.88.142,20 Jul 24,21:14:39,21 Jul 24,02:45:00,12733.6
100.71.164.24,21 Jul 24,02:46:20,21 Jul 24,07:23:59,631.02
100.71.2.167,21 Jul 24,07:26:43,21 Jul 24,07:42:00,57.74
100.71.129.114,21 Jul 24,07:44:57,21 Jul 24,19:44:00,21481.07
100.71.128.81,21 Jul 24,19:45:08,22 Jul 24,02:45:00,14683.33
100.71.163.97,22 Jul 24,02:46:23,22 Jul 24,14:45:59,12147.73
100.71.64.152,22 Jul 24,14:46:31,22 Jul 24,17:14:00,6573.92
100.71.141.106,22 Jul 24,17:15:53,23 Jul 24,02:45:00,13128.58
100.71.22.15,23 Jul 24,02:46:23,23 Jul 24,14:45:59,19638.32
100.71.236.77,23 Jul 24,14:46:34,24 Jul 24,02:45:00,21897.83
100.71.145.5,24 Jul 24,02:46:22,24 Jul 24,14:45:59,18916.8
100.71.215.52,24 Jul 24,14:46:28,24 Jul 24,15:57:00,2447.53
100.71.126.4,24 Jul 24,16:07:16,24 Jul 24,16:26:59,57.23
100.71.130.169,24 Jul 24,16:30:53,25 Jul 24,02:45:00,17024.62
100.71.160.37,25 Jul 24,02:46:22,25 Jul 24,14:45:59,10304.76
100.71.20.150,25 Jul 24,14:46:34,26 Jul 24,02:45:00,15395.02
100.71.21.79,26 Jul 24,02:46:22,26 Jul 24,14:14:59,7577.53
100.71.16.160,26 Jul 24,15:01:15,27 Jul 24,02:45:00,15152.18
100.71.39.241,27 Jul 24,02:46:23,27 Jul 24,14:45:59,12121.96
100.71.159.143,27 Jul 24,14:46:35,28 Jul 24,02:45:00,19156.51
100.71.186.101,28 Jul 24,02:46:20,28 Jul 24,07:44:00,945.27
100.71.221.88,28 Jul 24,10:18:54,28 Jul 24,22:18:00,22575.88
100.71.136.166,28 Jul 24,22:19:03,29 Jul 24,02:45:00,4442.41
100.71.252.89,29 Jul 24,02:46:23,29 Jul 24,14:45:59,16304.8
100.71.126.106,29 Jul 24,14:46:35,30 Jul 24,02:45:00,22902.31
100.71.73.215,30 Jul 24,02:46:22,30 Jul 24,14:45:59,13876.66
100.71.106.179,30 Jul 24,14:46:34,31 Jul 24,02:45:00,17968.67
100.71.74.179,31 Jul 24,02:46:22,31 Jul 24,14:45:59,15406.59
100.71.94.92,31 Jul 24,14:46:34,01 Aug 24,02:45:00,18063.49
100.71.140.126,01 Aug 24,02:46:22,01 Aug 24,14:45:59,11387.37
100.71.33.249,01 Aug 24,14:46:34,02 Aug 24,02:45:00,14960.23
100.71.75.111,02 Aug 24,02:46:22,02 Aug 24,14:45:59,12284.91
100.71.109.188,02 Aug 24,14:46:34,03 Aug 24,02:45:00,20098.36
100.71.32.35,03 Aug 24,02:46:20,03 Aug 24,09:52:00,6485.02
100.71.154.72,03 Aug 24,18:04:13,04 Aug 24,02:45:00,8914.51
100.71.224.178,04 Aug 24,02:46:23,04 Aug 24,14:45:59,10473.23
100.71.222.30,04 Aug 24,14:46:34,05 Aug 24,02:45:00,19148.08
100.71.234.33,05 Aug 24,02:46:23,05 Aug 24,14:45:59,14043.53
100.71.221.220,05 Aug 24,14:46:34,06 Aug 24,02:45:00,16847.03
100.71.187.246,06 Aug 24,02:46:22,06 Aug 24,14:45:59,11618.72
100.71.57.120,06 Aug 24,14:46:34,07 Aug 24,02:45:00,17612.21
100.71.91.78,07 Aug 24,02:46:19,07 Aug 24,05:01:59,603.48
100.71.115.83,07 Aug 24,05:04:50,07 Aug 24,11:56:59,5747.38
100.71.112.27,07 Aug 24,13:53:39,08 Aug 24,01:52:59,22502.61
100.71.100.237,08 Aug 24,01:53:47,08 Aug 24,02:45:00,198.75
100.71.235.129,08 Aug 24,02:46:23,08 Aug 24,14:45:59,10794.43
100.71.190.175,08 Aug 24,14:46:34,09 Aug 24,02:45:00,15762.05
100.71.11.101,09 Aug 24,02:46:19,09 Aug 24,03:52:59,180.31
100.71.10.237,09 Aug 24,03:55:59,09 Aug 24,15:55:59,19277.08
100.71.216.6,09 Aug 24,15:56:12,10 Aug 24,02:45:00,15655.34
100.71.48.110,10 Aug 24,02:46:23,10 Aug 24,14:45:59,11661.06
100.71.45.250,10 Aug 24,14:46:33,10 Aug 24,15:33:59,163.4
100.71.63.137,10 Aug 24,15:34:22,10 Aug 24,15:36:00,12.83
100.71.244.101,12 Aug 24,13:11:08,13 Aug 24,01:10:59,15743.55
100.71.105.60,13 Aug 24,01:11:15,13 Aug 24,02:45:00,415.81
100.71.242.107,13 Aug 24,02:46:22,13 Aug 24,12:55:59,11156.33
100.71.58.127,13 Aug 24,13:01:20,13 Aug 24,13:13:00,365.61
100.71.252.102,13 Aug 24,13:18:07,14 Aug 24,01:18:00,20671.45
100.71.78.88,14 Aug 24,01:18:13,14 Aug 24,02:45:00,341.61
100.71.210.182,14 Aug 24,02:46:23,14 Aug 24,14:45:59,12100.03
100.71.190.60,14 Aug 24,14:46:34,15 Aug 24,02:45:00,16540.55
100.71.230.36,15 Aug 24,02:46:23,15 Aug 24,14:45:59,11280.53
100.71.166.185,15 Aug 24,14:46:31,15 Aug 24,18:57:00,7777.68
100.71.148.103,15 Aug 24,19:01:07,15 Aug 24,20:43:00,1606.65
100.71.158.81,15 Aug 24,20:47:07,16 Aug 24,02:45:00,3150.34
100.71.192.195,16 Aug 24,02:46:22,16 Aug 24,14:45:59,8306.66
100.71.26.99,16 Aug 24,14:46:28,16 Aug 24,19:16:59,2142.19
100.71.48.196,16 Aug 24,19:21:11,17 Aug 24,02:45:00,8197.3
100.71.189.180,17 Aug 24,02:46:23,17 Aug 24,14:45:59,8929.74
100.71.97.134,17 Aug 24,14:46:34,18 Aug 24,02:45:00,7396.69
100.71.82.120,18 Aug 24,02:46:23,18 Aug 24,14:45:59,10668.8
100.71.196.73,18 Aug 24,14:46:34,19 Aug 24,02:45:00,13438.17
100.71.40.223,19 Aug 24,02:46:22,19 Aug 24,14:45:59,10578.33
100.71.178.70,19 Aug 24,14:46:34,20 Aug 24,02:45:00,8032.44
100.71.59.157,20 Aug 24,02:46:24,20 Aug 24,14:45:59,7952.75
100.71.174.91,20 Aug 24,14:46:34,21 Aug 24,02:45:00,11024.58
100.71.158.183,21 Aug 24,02:46:22,21 Aug 24,09:57:00,4800.57
100.71.181.165,21 Aug 24,09:58:29,21 Aug 24,10:26:59,117.5
100.71.28.6,22 Aug 24,13:58:19,23 Aug 24,01:58:00,10615.22
100.71.145.131,23 Aug 24,01:58:24,23 Aug 24,02:45:00,153.92
100.71.143.56,23 Aug 24,02:46:23,23 Aug 24,14:45:59,11436.29
100.71.169.175,23 Aug 24,14:46:34,24 Aug 24,02:45:00,6704.5
100.71.238.110,24 Aug 24,02:46:19,24 Aug 24,04:15:59,35.71
100.71.58.104,24 Aug 24,04:17:41,24 Aug 24,07:52:59,938.84
100.71.89.105,24 Aug 24,07:54:21,24 Aug 24,08:40:59,655.01
100.71.233.117,27 Aug 24,09:55:31,27 Aug 24,21:54:59,18604.76
100.71.79.240,27 Aug 24,21:55:41,28 Aug 24,02:45:00,6732.25
100.71.16.220,28 Aug 24,02:46:22,28 Aug 24,14:45:59,14584.27
100.71.11.154,28 Aug 24,14:46:33,29 Aug 24,02:45:00,20905.54
100.71.148.120,29 Aug 24,02:46:20,29 Aug 24,11:37:59,6348.32
100.71.250.18,29 Aug 24,11:38:59,29 Aug 24,12:01:00,131.94
100.71.41.33,29 Aug 24,12:03:13,30 Aug 24,00:02:59,21550.47
100.71.207.113,30 Aug 24,00:03:17,30 Aug 24,02:45:00,2754.09
100.71.108.184,30 Aug 24,02:46:23,30 Aug 24,14:45:59,10987.71
100.71.29.11,30 Aug 24,14:46:31,31 Aug 24,02:45:00,19681.92
100.71.21.13,31 Aug 24,02:46:23,31 Aug 24,14:45:59,11913.75
100.71.211.122,31 Aug 24,14:46:37,01 Sep 24,02:45:00,20333.44
100.71.16.143,01 Sep 24,02:46:23,01 Sep 24,14:45:59,19341
100.71.141.6,01 Sep 24,14:46:34,02 Sep 24,02:45:00,11455.66
100.71.73.197,02 Sep 24,02:46:23,02 Sep 24,14:45:59,17947.36
100.71.92.78,02 Sep 24,14:46:35,03 Sep 24,02:45:00,25191.81
100.71.15.216,03 Sep 24,02:46:22,03 Sep 24,14:45:59,16033.71
100.71.46.70,03 Sep 24,14:46:34,04 Sep 24,02:45:00,18626.37
100.71.83.85,04 Sep 24,02:46:22,04 Sep 24,14:45:59,15052.06
100.71.181.13,04 Sep 24,14:46:34,05 Sep 24,02:45:00,14580.26
100.71.249.102,05 Sep 24,02:46:20,05 Sep 24,14:45:59,12967.03
100.71.47.46,05 Sep 24,14:46:31,06 Sep 24,02:45:00,19651.47
100.71.51.107,06 Sep 24,02:46:23,06 Sep 24,14:45:59,13010.39
100.71.141.65,06 Sep 24,14:46:34,07 Sep 24,02:45:00,16054.54
100.71.153.105,07 Sep 24,02:46:23,07 Sep 24,14:45:59,15228.66
100.71.32.83,07 Sep 24,14:46:34,08 Sep 24,02:45:00,19636.5
100.71.129.57,08 Sep 24,02:46:23,08 Sep 24,14:45:59,18130.5
100.71.46.107,08 Sep 24,14:46:35,09 Sep 24,02:45:00,19418.26
100.71.241.243,09 Sep 24,02:46:23,09 Sep 24,14:45:59,15012.48
100.71.179.52,09 Sep 24,14:46:34,10 Sep 24,02:45:00,21882.44
100.71.253.203,10 Sep 24,02:46:23,10 Sep 24,14:45:59,11212.7
100.71.135.80,10 Sep 24,14:46:33,11 Sep 24,02:45:00,16102.65
100.71.252.106,11 Sep 24,02:46:19,11 Sep 24,07:28:00,1684.99
100.71.197.13,11 Sep 24,07:35:09,11 Sep 24,15:17:00,11719.56
100.71.153.16,11 Sep 24,15:19:41,12 Sep 24,02:45:00,21315.86
100.71.96.132,12 Sep 24,02:46:20,12 Sep 24,14:45:59,12275.61
100.71.82.238,12 Sep 24,14:46:33,13 Sep 24,02:45:00,12011.9
100.71.33.144,13 Sep 24,02:46:22,13 Sep 24,12:02:59,9678.46
100.71.89.19,13 Sep 24,12:05:41,13 Sep 24,12:41:59,204.27
100.71.252.201,13 Sep 24,13:06:54,13 Sep 24,16:52:00,5929.38
100.71.176.183,13 Sep 24,18:31:19,13 Sep 24,18:33:00,2.11
100.71.73.180,13 Sep 24,18:33:28,14 Sep 24,02:45:00,7617.62
100.71.41.167,14 Sep 24,02:46:23,14 Sep 24,14:45:59,13295.87
100.71.55.178,14 Sep 24,14:46:34,15 Sep 24,02:45:00,17623.05
100.71.179.145,15 Sep 24,02:46:20,15 Sep 24,10:02:59,5690.38
100.71.239.80,15 Sep 24,10:12:24,15 Sep 24,22:12:00,26696.06
100.71.169.219,15 Sep 24,22:12:32,16 Sep 24,02:45:00,3897.3
100.71.74.174,16 Sep 24,02:46:23,16 Sep 24,14:45:59,10469.31
100.71.110.145,16 Sep 24,14:46:34,16 Sep 24,18:38:00,8167.3
100.71.81.146,16 Sep 24,18:38:37,17 Sep 24,02:45:00,9778.01
100.71.188.199,17 Sep 24,02:46:23,17 Sep 24,14:45:59,8959.01
100.71.204.199,17 Sep 24,14:46:34,18 Sep 24,02:45:00,25523.43
100.71.77.69,18 Sep 24,02:46:22,18 Sep 24,14:45:59,12336.53
100.71.235.93,18 Sep 24,14:46:34,19 Sep 24,02:45:00,19580
100.71.68.164,19 Sep 24,02:46:23,19 Sep 24,14:45:59,13464.83
100.71.130.74,19 Sep 24,14:46:34,20 Sep 24,02:45:00,18101.75
100.71.57.35,20 Sep 24,02:46:22,20 Sep 24,14:45:59,11541.95
100.71.132.54,20 Sep 24,14:46:33,21 Sep 24,02:45:00,13181.55
100.71.210.20,21 Sep 24,02:46:23,21 Sep 24,14:45:59,15344.09
100.71.37.203,21 Sep 24,14:46:34,22 Sep 24,02:45:00,13908.24
100.71.95.189,22 Sep 24,02:46:23,22 Sep 24,14:45:59,15958.68
100.71.61.193,22 Sep 24,14:46:33,23 Sep 24,02:45:00,20354.93
100.71.59.147,23 Sep 24,02:46:20,23 Sep 24,06:52:59,1617.71
100.71.126.214,23 Sep 24,06:53:24,23 Sep 24,18:52:59,21538.85
100.71.173.91,23 Sep 24,18:53:32,23 Sep 24,22:26:59,9782.76
100.71.88.56,23 Sep 24,22:27:49,24 Sep 24,02:45:00,2532.27
100.71.118.239,24 Sep 24,02:46:23,24 Sep 24,14:45:59,10199.35
100.71.196.42,24 Sep 24,14:46:34,25 Sep 24,02:45:00,21569.43
100.71.223.51,25 Sep 24,02:46:22,25 Sep 24,14:45:59,10384.05
100.71.242.170,25 Sep 24,14:46:33,25 Sep 24,21:57:00,7832.6
100.71.20.203,25 Sep 24,21:59:02,26 Sep 24,02:45:00,6530.68
100.71.9.246,26 Sep 24,02:46:24,26 Sep 24,14:45:59,15030
100.71.15.26,26 Sep 24,14:46:37,27 Sep 24,02:45:00,16861.32
100.71.155.87,27 Sep 24,02:46:23,27 Sep 24,14:45:59,13826.76
100.71.116.63,27 Sep 24,14:46:34,28 Sep 24,02:45:00,18133.48
100.71.18.97,28 Sep 24,02:46:23,28 Sep 24,14:45:59,16813.71
100.71.234.109,28 Sep 24,14:46:31,28 Sep 24,21:31:59,16221.17
100.71.119.159,28 Sep 24,21:32:28,29 Sep 24,02:45:00,7790.95
100.71.180.166,29 Sep 24,02:46:19,29 Sep 24,08:35:00,2641.7
100.71.180.6,29 Sep 24,14:38:27,30 Sep 24,02:37:59,17416.94
100.71.66.126,30 Sep 24,02:38:31,30 Sep 24,02:45:00,24.82
100.71.86.54,30 Sep 24,02:46:23,30 Sep 24,14:45:59,10660.98
100.71.36.201,30 Sep 24,14:46:34,01 Oct 24,02:45:00,12428.91
100.71.146.179,01 Oct 24,02:46:23,01 Oct 24,14:34:00,7880.79
100.71.174.82,01 Oct 24,14:52:14,02 Oct 24,02:45:00,8624.16
100.71.98.224,02 Oct 24,02:46:23,02 Oct 24,14:45:59,16097.98
100.71.232.211,02 Oct 24,14:46:34,02 Oct 24,21:30:00,10743.26
100.71.39.123,02 Oct 24,21:32:05,03 Oct 24,02:45:00,4669.61
100.71.31.20,03 Oct 24,02:46:22,03 Oct 24,14:45:59,10354.6
100.71.99.215,03 Oct 24,14:46:33,04 Oct 24,02:45:00,11466.38
100.71.32.56,04 Oct 24,02:46:22,04 Oct 24,14:45:59,14372.8
100.71.255.157,04 Oct 24,14:46:33,05 Oct 24,02:45:00,14244.29
100.71.217.147,05 Oct 24,02:46:23,05 Oct 24,14:45:59,12996.08
100.71.47.144,05 Oct 24,14:46:34,06 Oct 24,02:45:00,20545.58
100.71.123.237,06 Oct 24,02:46:23,06 Oct 24,14:45:59,15672.07
100.71.29.151,06 Oct 24,14:46:34,07 Oct 24,02:45:00,13717.85
100.71.145.170,07 Oct 24,02:46:23,07 Oct 24,14:45:59,10371.81
100.71.14.105,07 Oct 24,14:46:35,08 Oct 24,02:45:00,11798.43
100.71.54.10,08 Oct 24,02:46:22,08 Oct 24,14:45:59,11060.25
100.71.71.236,08 Oct 24,14:46:28,08 Oct 24,17:25:59,3734.06
100.71.3.177,08 Oct 24,17:26:16,09 Oct 24,02:45:00,8256.13
100.71.63.40,09 Oct 24,02:46:23,09 Oct 24,14:45:59,11140.25
100.71.189.125,09 Oct 24,14:46:34,10 Oct 24,02:45:00,16487.87
100.71.195.12,10 Oct 24,02:46:23,10 Oct 24,14:45:59,14659.81
100.71.231.233,10 Oct 24,14:46:34,11 Oct 24,02:45:00,14012.04
100.71.6.87,11 Oct 24,02:46:23,11 Oct 24,14:45:59,11761.73
100.71.230.201,11 Oct 24,14:46:35,12 Oct 24,02:45:00,16930.88
100.71.173.186,12 Oct 24,02:46:22,12 Oct 24,14:45:59,11877.84
100.71.82.95,12 Oct 24,14:46:33,13 Oct 24,02:45:00,63463.68
100.71.190.216,13 Oct 24,02:46:19,13 Oct 24,14:45:59,14105.37
100.71.115.54,13 Oct 24,14:46:30,14 Oct 24,02:45:00,18490.1
100.71.92.71,14 Oct 24,02:46:23,14 Oct 24,14:45:59,9976.18
100.71.126.104,14 Oct 24,14:46:34,15 Oct 24,02:45:00,14114.02
100.71.211.128,15 Oct 24,02:46:23,15 Oct 24,14:45:59,12052.83
100.71.243.30,15 Oct 24,14:46:34,16 Oct 24,02:45:00,15197.35
100.71.78.225,16 Oct 24,02:46:23,16 Oct 24,14:45:59,7760.04
100.71.244.78,16 Oct 24,14:46:34,17 Oct 24,02:45:00,16824.78
100.71.17.55,17 Oct 24,02:46:22,17 Oct 24,10:31:59,8434.67
100.71.117.86,17 Oct 24,10:34:04,17 Oct 24,22:34:00,10737.6
100.71.138.52,17 Oct 24,22:34:12,17 Oct 24,22:52:00,329.91
100.71.181.188,17 Oct 24,22:53:59,18 Oct 24,02:45:00,2044.71
100.71.179.229,18 Oct 24,02:46:22,18 Oct 24,10:39:00,5630.15
100.71.60.166,18 Oct 24,10:40:20,18 Oct 24,22:39:59,17218.5
100.71.60.58,18 Oct 24,22:40:27,18 Oct 24,22:52:59,199.06
100.71.19.50,18 Oct 24,22:53:53,19 Oct 24,02:45:00,884.12
100.71.219.238,19 Oct 24,02:46:23,19 Oct 24,14:45:59,10518.95
100.71.109.30,19 Oct 24,14:46:34,20 Oct 24,02:45:00,13169.84
100.71.227.185,20 Oct 24,02:46:22,20 Oct 24,14:45:59,16202.53
100.71.74.4,20 Oct 24,14:46:34,21 Oct 24,02:45:00,15381.82
100.71.248.33,21 Oct 24,02:46:22,21 Oct 24,14:45:59,19146.35
100.71.0.80,21 Oct 24,14:46:34,22 Oct 24,02:45:00,13181.86
100.71.228.136,22 Oct 24,02:46:19,22 Oct 24,04:44:00,615.44
100.71.191.195,22 Oct 24,04:46:24,22 Oct 24,16:45:59,12124.12
100.71.208.77,22 Oct 24,16:46:32,22 Oct 24,17:56:00,348.57
100.71.69.80,22 Oct 24,17:57:26,23 Oct 24,02:45:00,7313.22
100.71.77.28,23 Oct 24,02:46:20,23 Oct 24,14:45:59,12483.42
100.71.170.102,23 Oct 24,14:46:30,24 Oct 24,02:45:00,15191.46
100.71.229.1,24 Oct 24,02:46:22,24 Oct 24,14:45:59,9677.26
100.71.188.125,24 Oct 24,14:46:31,24 Oct 24,22:45:59,8381.57
100.71.48.159,24 Oct 24,22:47:28,25 Oct 24,02:45:00,1344.79
100.71.66.1,25 Oct 24,02:46:19,25 Oct 24,14:45:59,7165.89
100.71.167.177,25 Oct 24,14:46:30,26 Oct 24,02:45:00,11501.86
100.71.16.121,26 Oct 24,02:46:23,26 Oct 24,14:45:59,12854.49
100.71.62.247,26 Oct 24,14:46:33,26 Oct 24,23:16:00,9349.16
100.71.242.64,26 Oct 24,23:17:27,26 Oct 24,23:19:00,50
100.71.100.10,26 Oct 24,23:20:14,27 Oct 24,02:45:00,1787.26
100.71.51.226,27 Oct 24,02:46:23,27 Oct 24,14:45:59,11003.09
100.71.59.13,27 Oct 24,14:46:34,27 Oct 24,22:16:59,8016.08
100.71.42.12,27 Oct 24,22:18:48,28 Oct 24,02:45:00,2373.37
100.71.85.143,28 Oct 24,02:46:22,28 Oct 24,14:45:59,15122.42
100.71.247.121,28 Oct 24,14:46:34,29 Oct 24,02:45:00,21380.11
100.71.86.61,29 Oct 24,02:46:23,29 Oct 24,14:45:59,15871.24
100.71.230.193,29 Oct 24,14:46:37,30 Oct 24,02:45:00,19347.66
100.71.233.73,30 Oct 24,02:46:23,30 Oct 24,14:45:59,15309.92
100.71.254.131,30 Oct 24,14:47:29,31 Oct 24,02:45:00,15413.59
100.71.213.129,31 Oct 24,02:46:22,31 Oct 24,14:45:59,11890.46
100.71.64.122,31 Oct 24,14:46:34,01 Nov 24,02:45:00,13813.07
100.71.165.234,01 Nov 24,02:46:23,01 Nov 24,14:45:59,13194.34
100.71.141.198,01 Nov 24,14:46:35,02 Nov 24,02:45:00,16377.41
100.71.4.155,02 Nov 24,02:46:23,02 Nov 24,14:45:59,10865.67
100.71.167.201,02 Nov 24,14:46:34,03 Nov 24,02:45:00,18357.92
100.71.87.54,03 Nov 24,02:46:23,03 Nov 24,14:45:59,12255.75
100.71.91.200,03 Nov 24,14:46:34,04 Nov 24,02:45:00,16269.71
100.71.247.255,04 Nov 24,02:46:23,04 Nov 24,14:45:59,11470.8
100.71.75.155,04 Nov 24,14:46:31,05 Nov 24,02:45:00,29353.63
100.71.188.189,05 Nov 24,02:46:23,05 Nov 24,14:45:59,17574.21
100.71.181.75,05 Nov 24,14:46:30,05 Nov 24,16:07:59,1489.25
100.71.149.243,05 Nov 24,16:27:26,06 Nov 24,02:45:00,8448.53
100.71.39.22,06 Nov 24,02:46:23,06 Nov 24,14:45:59,12343.02
100.71.9.2,06 Nov 24,14:46:34,07 Nov 24,02:45:00,10425.62
100.71.150.27,07 Nov 24,02:46:23,07 Nov 24,14:45:59,8469.96
100.71.27.191,07 Nov 24,14:46:33,08 Nov 24,02:45:00,10484.27
100.71.231.34,08 Nov 24,02:46:24,08 Nov 24,14:45:59,9182.8
100.71.209.87,08 Nov 24,14:46:35,09 Nov 24,02:45:00,13073.26
100.71.172.252,09 Nov 24,02:46:19,09 Nov 24,10:10:00,5463.63
100.71.149.193,09 Nov 24,10:11:34,09 Nov 24,22:10:59,23690.18
100.71.189.98,09 Nov 24,22:11:42,10 Nov 24,02:45:00,4004.74
100.71.48.171,10 Nov 24,02:46:23,10 Nov 24,14:45:59,12009.22
100.71.184.170,10 Nov 24,14:46:34,11 Nov 24,02:45:00,17545.58
100.71.172.66,11 Nov 24,02:46:22,11 Nov 24,14:45:59,10110.17
100.71.91.56,11 Nov 24,14:46:31,11 Nov 24,22:52:59,42579.85
100.71.168.139,11 Nov 24,22:54:53,12 Nov 24,02:45:00,1967.18
100.71.247.142,12 Nov 24,02:46:24,12 Nov 24,14:45:59,10040.46
100.71.52.192,12 Nov 24,14:46:35,13 Nov 24,02:45:00,13221.63
100.71.144.73,13 Nov 24,02:46:23,13 Nov 24,14:45:59,9622.84
100.71.232.19,13 Nov 24,14:46:34,14 Nov 24,02:45:00,21286
100.71.33.123,14 Nov 24,02:46:23,14 Nov 24,14:45:59,11611.78
100.71.133.67,14 Nov 24,14:46:33,14 Nov 24,21:57:59,10923.94
100.71.230.182,14 Nov 24,21:59:47,15 Nov 24,02:45:00,7997.64
100.71.240.196,15 Nov 24,02:46:23,15 Nov 24,14:45:59,12504.72
100.71.217.243,15 Nov 24,14:46:34,16 Nov 24,02:45:00,16087.62
100.71.96.27,16 Nov 24,02:46:23,16 Nov 24,14:45:59,12151.57
100.71.43.55,16 Nov 24,14:47:29,17 Nov 24,02:45:00,9679.89
100.71.226.225,17 Nov 24,02:46:22,17 Nov 24,14:45:59,7426.68
100.71.114.243,17 Nov 24,14:46:33,18 Nov 24,02:45:00,25865.57
100.71.152.99,18 Nov 24,02:46:18,18 Nov 24,04:47:00,74.77
100.71.51.159,18 Nov 24,10:52:43,18 Nov 24,11:32:00,167.04
100.71.245.38,18 Nov 24,11:33:54,18 Nov 24,11:35:00,30.54
100.71.122.43,18 Nov 24,11:37:13,18 Nov 24,11:37:59,12.95
100.71.152.255,18 Nov 24,11:50:16,18 Nov 24,11:53:59,2.72
100.71.109.224,18 Nov 24,11:56:08,18 Nov 24,11:56:59,0.43
100.71.45.116,18 Nov 24,11:59:15,18 Nov 24,11:59:59,0.33
100.71.22.6,18 Nov 24,12:02:15,18 Nov 24,12:02:59,0.54
100.71.176.247,18 Nov 24,12:08:02,18 Nov 24,12:12:00,4.14
100.71.247.177,18 Nov 24,12:13:58,18 Nov 24,12:15:00,0.67
100.71.243.130,18 Nov 24,12:39:02,18 Nov 24,12:51:00,7.96
100.71.254.5,18 Nov 24,15:12:11,19 Nov 24,02:45:00,11317.63
100.71.159.174,19 Nov 24,02:46:24,19 Nov 24,14:45:59,3456.5
100.71.22.25,19 Nov 24,14:46:34,20 Nov 24,02:45:00,11744.86
100.71.81.46,20 Nov 24,02:46:22,20 Nov 24,14:45:59,7407.72
100.71.221.154,20 Nov 24,14:46:31,20 Nov 24,17:01:59,2138.03
100.71.70.198,21 Nov 24,10:56:22,21 Nov 24,22:55:59,8172.28
100.71.196.12,21 Nov 24,22:56:31,22 Nov 24,02:45:00,5827.98
100.71.242.6,22 Nov 24,02:46:22,22 Nov 24,14:45:59,9236.97
100.71.193.239,22 Nov 24,14:46:33,23 Nov 24,02:45:00,12601.62
100.71.88.66,23 Nov 24,02:46:23,23 Nov 24,14:45:59,9811.93
100.71.212.118,23 Nov 24,14:46:34,24 Nov 24,02:45:00,12617.82
100.71.133.219,24 Nov 24,02:46:23,24 Nov 24,14:45:59,9933.28
100.71.10.117,24 Nov 24,14:46:34,25 Nov 24,02:45:00,13681.33
100.71.171.62,25 Nov 24,02:46:22,25 Nov 24,14:45:59,8163.7
100.71.47.166,25 Nov 24,14:46:34,26 Nov 24,02:45:00,11371.94
100.71.120.141,26 Nov 24,02:46:22,26 Nov 24,14:45:59,12000.98
100.71.225.228,26 Nov 24,14:46:31,27 Nov 24,02:45:00,15027.26
100.71.153.151,27 Nov 24,02:46:23,27 Nov 24,14:45:59,12328.49
100.71.185.144,27 Nov 24,14:46:34,28 Nov 24,02:45:00,18615.14
100.71.115.149,28 Nov 24,02:46:23,28 Nov 24,14:45:59,13056.44
100.71.52.95,28 Nov 24,14:46:34,29 Nov 24,02:45:00,14632.79
100.71.83.203,29 Nov 24,02:46:22,29 Nov 24,14:45:59,11372.08
100.71.105.111,29 Nov 24,14:46:33,30 Nov 24,02:45:00,19507.56
100.71.152.13,30 Nov 24,02:46:23,30 Nov 24,11:03:00,4429.18
100.71.74.161,30 Nov 24,11:03:47,30 Nov 24,23:03:00,26505.13
100.71.75.118,30 Nov 24,23:03:55,01 Dec 24,02:45:00,2721.55
100.71.183.120,01 Dec 24,02:46:23,01 Dec 24,14:45:59,9985.83
100.71.224.64,01 Dec 24,14:46:34,02 Dec 24,02:45:00,20191.95
100.71.89.113,02 Dec 24,02:46:22,02 Dec 24,14:45:59,10170.83
100.71.97.243,02 Dec 24,14:46:31,03 Dec 24,02:45:00,19127.24
100.71.35.10,03 Dec 24,02:46:24,03 Dec 24,14:45:59,11122.4
100.71.93.38,03 Dec 24,14:46:31,03 Dec 24,18:15:00,1749.26
100.71.227.98,03 Dec 24,18:56:01,04 Dec 24,02:45:00,9871.12
100.71.164.59,04 Dec 24,02:46:22,04 Dec 24,14:45:59,11204.88
100.71.128.10,04 Dec 24,14:46:31,05 Dec 24,02:45:00,12323.6
100.71.160.58,05 Dec 24,02:46:22,05 Dec 24,11:22:00,6109.37
100.71.122.216,05 Dec 24,11:22:11,05 Dec 24,23:22:00,18342.83
100.71.3.209,05 Dec 24,23:22:23,06 Dec 24,02:45:00,1907.13
100.71.175.146,06 Dec 24,02:46:22,06 Dec 24,14:45:59,14126.48
100.71.89.231,06 Dec 24,14:47:29,07 Dec 24,02:45:00,18017.26
100.71.245.220,07 Dec 24,02:46:22,07 Dec 24,14:45:59,12027.43
100.71.67.247,07 Dec 24,14:46:34,08 Dec 24,02:45:00,14173.89
100.71.85.35,08 Dec 24,02:46:22,08 Dec 24,14:45:59,12494.59
100.71.171.160,08 Dec 24,14:46:34,09 Dec 24,02:45:00,10733.29
100.71.96.94,09 Dec 24,02:46:20,09 Dec 24,14:45:59,15581.42
100.71.68.33,09 Dec 24,14:46:31,10 Dec 24,02:11:59,16350.02
100.71.220.158,10 Dec 24,08:53:59,10 Dec 24,20:53:59,13976.76
100.71.6.10,10 Dec 24,20:54:10,11 Dec 24,02:45:00,7313.63
100.71.55.78,11 Dec 24,02:46:19,11 Dec 24,13:39:59,7845.76
100.71.245.247,11 Dec 24,13:41:04,12 Dec 24,01:40:59,18116.3
100.71.136.60,12 Dec 24,01:41:12,12 Dec 24,02:45:00,113.52
100.71.136.49,12 Dec 24,02:46:20,12 Dec 24,09:14:00,3183.28
100.71.7.46,12 Dec 24,09:20:09,12 Dec 24,21:20:00,19962.1
100.71.135.26,12 Dec 24,21:20:19,13 Dec 24,02:45:00,5036.27
100.71.9.254,13 Dec 24,02:46:20,13 Dec 24,14:45:59,10902.95
100.71.45.56,13 Dec 24,14:46:33,14 Dec 24,02:45:00,12402.4
100.71.0.136,14 Dec 24,02:46:23,14 Dec 24,14:45:59,7537.64
100.71.253.45,14 Dec 24,14:46:33,14 Dec 24,19:26:00,5466.12
100.71.71.34,15 Dec 24,02:51:39,15 Dec 24,03:01:00,0.08
100.71.134.144,15 Dec 24,03:02:04,15 Dec 24,15:01:59,9482.27
100.71.45.234,15 Dec 24,15:02:12,15 Dec 24,18:02:59,3215.79
100.71.131.215,15 Dec 24,18:03:21,15 Dec 24,20:19:59,1709.21
100.71.131.113,15 Dec 24,21:08:02,16 Dec 24,02:45:00,2433.01
100.71.62.17,16 Dec 24,02:46:22,16 Dec 24,12:30:59,5221.55
100.71.10.7,16 Dec 24,13:39:23,17 Dec 24,01:39:00,11723.02
100.71.115.141,17 Dec 24,01:40:26,17 Dec 24,02:45:00,319.26
100.71.255.134,17 Dec 24,02:46:23,17 Dec 24,14:45:59,6206
100.71.83.43,17 Dec 24,14:46:34,18 Dec 24,02:45:00,15415
100.71.236.125,18 Dec 24,02:46:23,18 Dec 24,14:45:59,11109.09
100.71.19.169,18 Dec 24,14:46:31,18 Dec 24,16:58:59,2138.94
100.71.191.243,18 Dec 24,16:59:37,18 Dec 24,17:00:59,15.65
100.71.121.226,18 Dec 24,17:02:05,18 Dec 24,17:25:59,222.44
100.71.242.63,19 Dec 24,10:51:21,19 Dec 24,22:50:59,15013.94
100.71.148.131,19 Dec 24,22:51:26,20 Dec 24,02:45:00,935.09
100.71.223.56,20 Dec 24,02:46:23,20 Dec 24,14:45:59,8665.23
100.71.39.73,20 Dec 24,14:46:34,21 Dec 24,02:45:00,15738.95
100.71.96.153,21 Dec 24,02:46:23,21 Dec 24,14:45:59,13256.57
100.71.217.188,21 Dec 24,14:46:30,22 Dec 24,02:45:00,14441.06
100.71.112.3,22 Dec 24,02:46:22,22 Dec 24,14:45:59,9561.74
100.71.139.69,22 Dec 24,14:46:33,23 Dec 24,02:45:00,17561.71
100.71.66.200,23 Dec 24,02:46:23,23 Dec 24,14:45:59,9113.98
100.71.199.171,23 Dec 24,14:46:30,23 Dec 24,15:04:00,60.08
100.71.16.230,23 Dec 24,15:27:12,24 Dec 24,02:45:00,9531.46
100.71.21.165,24 Dec 24,02:46:22,24 Dec 24,09:55:59,2643.32
100.71.72.128,24 Dec 24,09:59:32,24 Dec 24,12:54:00,5481.94
100.71.47.190,24 Dec 24,12:57:52,24 Dec 24,13:58:00,1115.95
100.71.190.149,24 Dec 24,14:30:35,24 Dec 24,14:40:00,137.92
100.71.140.195,24 Dec 24,14:46:58,24 Dec 24,14:48:00,0.52
100.71.151.104,24 Dec 24,14:50:26,25 Dec 24,02:45:00,10265.47
100.71.98.143,25 Dec 24,02:46:22,25 Dec 24,14:45:59,9967.7
100.71.146.158,25 Dec 24,14:46:33,26 Dec 24,02:45:00,11052.02
100.71.221.0,26 Dec 24,02:46:19,26 Dec 24,10:29:59,8311.17
100.71.188.113,26 Dec 24,11:29:02,26 Dec 24,23:29:00,16608.31
100.71.43.215,26 Dec 24,23:29:09,27 Dec 24,02:45:00,134.31
100.71.95.166,27 Dec 24,02:46:23,27 Dec 24,14:45:59,7644.25
100.71.252.123,27 Dec 24,14:46:34,28 Dec 24,02:45:00,10103.72
100.71.110.150,28 Dec 24,02:46:23,28 Dec 24,14:45:59,6295.41
100.71.90.28,28 Dec 24,17:45:04,29 Dec 24,02:45:00,11086.01
100.71.75.151,29 Dec 24,02:46:23,29 Dec 24,14:45:59,12787.93
100.71.200.36,29 Dec 24,14:46:33,30 Dec 24,02:45:00,11600.14
100.71.250.107,30 Dec 24,02:46:24,30 Dec 24,14:45:59,5361.92
100.71.48.109,30 Dec 24,14:46:34,31 Dec 24,02:45:00,11117.9
100.71.10.41,31 Dec 24,02:46:23,31 Dec 24,14:45:59,7298.59
100.71.103.28,31 Dec 24,14:46:34,01 Jan 25,02:45:00,15102.63
100.71.90.159,01 Jan 25,02:46:22,01 Jan 25,14:45:59,17547.25
100.71.29.60,01 Jan 25,14:46:34,02 Jan 25,02:45:00,12414.18
100.71.173.22,02 Jan 25,02:46:23,02 Jan 25,14:45:59,11642.18
100.71.29.91,02 Jan 25,14:46:34,03 Jan 25,02:45:00,12986.41
100.71.67.128,03 Jan 25,02:46:22,03 Jan 25,14:45:59,9499.69
100.71.238.11,03 Jan 25,14:46:33,04 Jan 25,02:45:00,12272.48
100.71.87.189,04 Jan 25,02:46:23,04 Jan 25,14:45:59,6669.93
100.71.171.140,04 Jan 25,14:46:34,05 Jan 25,02:45:00,12396.91
100.71.34.116,05 Jan 25,02:46:22,05 Jan 25,14:45:59,32188.26
100.71.119.171,05 Jan 25,14:46:34,06 Jan 25,02:45:00,15592.06
100.71.235.212,06 Jan 25,02:46:23,06 Jan 25,14:45:59,10395.22
100.71.50.247,06 Jan 25,14:46:31,06 Jan 25,17:24:00,2122.61
100.71.1.148,06 Jan 25,17:57:10,07 Jan 25,02:45:00,10400.08
100.71.88.217,07 Jan 25,02:46:22,07 Jan 25,10:23:00,5474.12
100.71.112.228,07 Jan 25,10:32:53,07 Jan 25,19:21:00,11823.35
100.71.81.244,07 Jan 25,19:23:52,07 Jan 25,21:02:59,1879.4
100.71.81.60,07 Jan 25,21:03:40,08 Jan 25,02:45:00,8540.95
100.71.146.59,08 Jan 25,02:46:23,08 Jan 25,14:45:59,9634.42
100.71.152.33,08 Jan 25,14:46:34,09 Jan 25,02:45:00,22737.32
100.71.152.94,09 Jan 25,02:46:22,09 Jan 25,14:45:59,13638.7
100.71.32.34,09 Jan 25,14:46:28,10 Jan 25,02:45:00,20882.85
100.71.85.191,10 Jan 25,02:46:23,10 Jan 25,14:45:59,13003.5
100.71.156.51,10 Jan 25,14:46:34,11 Jan 25,02:45:00,19841.91
100.71.96.120,11 Jan 25,02:46:23,11 Jan 25,14:45:59,10732.3
100.71.8.78,11 Jan 25,14:46:34,12 Jan 25,02:45:00,13079.62
100.71.55.158,12 Jan 25,02:46:23,12 Jan 25,14:45:59,12001.14
100.71.40.253,12 Jan 25,14:46:34,13 Jan 25,02:45:00,17053.49
100.71.252.101,13 Jan 25,02:46:23,13 Jan 25,14:45:59,9534.25
100.71.66.43,13 Jan 25,14:46:34,14 Jan 25,02:45:00,11452.83
100.71.8.215,14 Jan 25,02:46:23,14 Jan 25,14:45:59,9155.7
100.71.19.204,14 Jan 25,14:46:31,14 Jan 25,17:34:00,3855.57
100.71.72.3,14 Jan 25,17:36:33,15 Jan 25,02:45:00,5170.01
100.71.130.59,15 Jan 25,02:46:20,15 Jan 25,13:23:00,8407.11
100.71.178.83,15 Jan 25,13:25:37,16 Jan 25,01:24:59,11178.27
100.71.1.222,16 Jan 25,01:25:44,16 Jan 25,02:45:00,144.92
100.71.117.147,16 Jan 25,02:46:19,16 Jan 25,12:43:00,6637.14
100.71.250.207,17 Jan 25,11:31:54,17 Jan 25,23:30:59,17986.89
100.71.224.140,17 Jan 25,23:32:03,18 Jan 25,02:45:00,1807.44
100.71.149.15,18 Jan 25,02:46:24,18 Jan 25,14:45:59,10440.45
100.71.253.52,18 Jan 25,14:46:35,19 Jan 25,02:45:00,14085.34
100.71.24.40,19 Jan 25,02:46:22,19 Jan 25,10:23:59,7163.18
100.71.127.174,19 Jan 25,14:21:48,20 Jan 25,02:21:00,17515.93
100.71.80.60,20 Jan 25,02:21:56,20 Jan 25,02:45:00,3.43
100.71.167.126,20 Jan 25,02:46:23,20 Jan 25,14:45:59,11291.73
100.71.145.240,20 Jan 25,14:46:33,21 Jan 25,02:45:00,18915.87
100.71.148.116,21 Jan 25,02:46:22,21 Jan 25,14:45:59,13084.56
100.71.135.128,21 Jan 25,14:46:34,22 Jan 25,02:45:00,15421
100.71.130.195,22 Jan 25,02:46:24,22 Jan 25,14:45:59,12272.95
100.71.99.193,22 Jan 25,14:46:37,23 Jan 25,02:45:00,11335.53
100.71.255.166,23 Jan 25,02:46:22,23 Jan 25,14:45:59,12419.73
100.71.235.165,23 Jan 25,14:46:33,24 Jan 25,02:45:00,13944.71
100.71.232.22,24 Jan 25,14:46:54,25 Jan 25,02:45:00,17159.48
100.71.7.235,25 Jan 25,02:46:26,25 Jan 25,14:45:59,12170.9
100.71.44.156,25 Jan 25,14:46:38,26 Jan 25,00:07:00,15286.94
100.71.96.7,26 Jan 25,08:25:03,26 Jan 25,20:24:59,12898.27
100.71.86.243,26 Jan 25,20:25:12,27 Jan 25,02:45:00,8880
100.71.234.174,27 Jan 25,02:46:23,27 Jan 25,14:45:59,12215.97
100.71.56.69,27 Jan 25,14:46:34,28 Jan 25,02:45:00,18465.82
100.71.48.169,28 Jan 25,02:46:22,28 Jan 25,14:45:59,17200.74
100.71.75.126,28 Jan 25,14:46:31,29 Jan 25,02:45:00,16898.91
100.71.44.106,29 Jan 25,02:46:20,29 Jan 25,07:58:00,2274.7
100.71.181.121,29 Jan 25,07:58:27,29 Jan 25,19:58:00,12659.91
100.71.253.198,29 Jan 25,19:58:35,30 Jan 25,02:45:00,8568.02
100.71.224.39,30 Jan 25,02:46:22,30 Jan 25,14:45:59,20858.43
100.71.66.134,30 Jan 25,14:46:31,31 Jan 25,00:52:00,17984.5
100.71.170.4,31 Jan 25,05:55:55,31 Jan 25,06:19:00,31.23
100.71.6.125,31 Jan 25,06:21:30,31 Jan 25,06:39:59,538.12
100.71.120.116,31 Jan 25,09:09:31,31 Jan 25,21:09:00,20516.55
100.71.239.20,31 Jan 25,21:09:40,01 Feb 25,02:45:00,6688.46
100.71.180.194,01 Feb 25,02:46:19,01 Feb 25,06:28:00,1337.67
100.71.226.220,01 Feb 25,06:34:57,01 Feb 25,18:33:59,16957.03
100.71.27.46,01 Feb 25,18:35:08,02 Feb 25,02:45:00,10333.89
100.71.193.83,02 Feb 25,02:46:22,02 Feb 25,14:45:59,11895.4
100.71.152.208,02 Feb 25,14:46:34,03 Feb 25,02:45:00,12686.59
100.71.16.252,03 Feb 25,02:46:22,03 Feb 25,14:45:59,14465.38
100.71.132.196,03 Feb 25,14:46:28,03 Feb 25,14:58:00,519.48
100.71.79.167,03 Feb 25,14:59:35,03 Feb 25,15:01:59,0.75
100.71.124.156,03 Feb 25,15:03:45,03 Feb 25,15:22:00,6.63
100.71.6.146,03 Feb 25,15:25:01,03 Feb 25,15:30:00,1.74
100.71.247.86,03 Feb 25,15:32:06,04 Feb 25,02:45:00,11828.81
100.71.254.215,04 Feb 25,02:46:23,04 Feb 25,14:45:59,10287.24
100.71.122.35,04 Feb 25,14:46:35,05 Feb 25,02:45:00,12524.9
100.71.28.228,05 Feb 25,02:46:22,05 Feb 25,11:19:59,14344.65
100.71.244.236,05 Feb 25,11:31:38,05 Feb 25,23:30:59,21646.66
100.71.63.191,05 Feb 25,23:31:45,06 Feb 25,00:59:00,1133.65
100.71.163.115,06 Feb 25,01:10:43,06 Feb 25,02:45:00,128.57
100.71.78.64,06 Feb 25,02:46:22,06 Feb 25,14:45:59,11488.89
100.71.198.48,06 Feb 25,14:46:34,07 Feb 25,02:45:00,14976.28
100.71.232.102,07 Feb 25,02:46:23,07 Feb 25,14:45:59,12078.52
100.71.158.87,07 Feb 25,14:46:30,07 Feb 25,15:22:59,691.53
100.71.23.32,07 Feb 25,15:28:18,07 Feb 25,16:10:59,1271.9
100.71.252.51,07 Feb 25,16:15:58,07 Feb 25,21:43:00,6985.05
100.71.220.75,07 Feb 25,21:45:57,07 Feb 25,21:47:59,8.51
100.71.12.189,07 Feb 25,21:51:28,07 Feb 25,21:55:59,31.94
100.71.179.161,07 Feb 25,21:58:49,07 Feb 25,22:47:59,2028.79
100.71.66.101,07 Feb 25,22:51:31,08 Feb 25,02:45:00,1279.75
100.71.122.182,08 Feb 25,02:46:22,08 Feb 25,10:58:59,7078.37
100.71.134.107,08 Feb 25,11:09:59,08 Feb 25,23:09:59,24492.66
100.71.85.134,08 Feb 25,23:10:07,09 Feb 25,02:45:00,294.45
100.71.91.200,09 Feb 25,02:46:22,09 Feb 25,14:45:59,14834.31
100.71.61.186,09 Feb 25,14:46:33,10 Feb 25,02:45:00,22421.28
100.71.173.123,10 Feb 25,02:46:20,10 Feb 25,06:35:00,2725.41
100.71.245.57,10 Feb 25,06:35:47,10 Feb 25,15:12:59,13039.58
100.71.89.216,10 Feb 25,15:18:03,10 Feb 25,16:13:00,985.89
100.71.111.35,10 Feb 25,16:34:00,11 Feb 25,02:45:00,10955.15
100.71.172.151,11 Feb 25,02:46:26,11 Feb 25,14:45:59,13315.86
100.71.95.208,11 Feb 25,14:46:37,12 Feb 25,02:45:00,25476.97
100.71.124.13,12 Feb 25,02:46:23,12 Feb 25,14:45:59,21886.14
100.71.238.148,12 Feb 25,14:46:34,13 Feb 25,02:45:00,20744.88
100.71.66.142,13 Feb 25,02:46:24,13 Feb 25,14:45:59,9667.83
100.71.120.65,13 Feb 25,14:46:35,14 Feb 25,02:45:00,21044.21
100.71.31.180,14 Feb 25,02:46:22,14 Feb 25,14:45:59,12225.5
100.71.182.63,14 Feb 25,14:46:34,15 Feb 25,02:45:00,17697.68
100.71.128.232,15 Feb 25,02:46:23,15 Feb 25,14:45:59,11416.92
100.71.191.242,15 Feb 25,14:46:34,16 Feb 25,02:45:00,18720.39
100.71.64.73,16 Feb 25,02:46:24,16 Feb 25,14:45:59,15774.38
100.71.116.214,16 Feb 25,14:47:30,17 Feb 25,02:45:00,30136.38
100.71.79.191,17 Feb 25,02:46:23,17 Feb 25,14:45:59,34875.21
100.71.197.56,17 Feb 25,14:46:30,17 Feb 25,15:52:00,2065.86
100.71.114.250,17 Feb 25,17:30:27,18 Feb 25,02:45:00,17652.89
100.71.49.120,18 Feb 25,02:46:24,18 Feb 25,13:45:59,10810.09
100.71.71.72,18 Feb 25,14:29:48,19 Feb 25,02:29:00,22827.51
100.71.247.23,19 Feb 25,02:29:55,19 Feb 25,02:45:00,622.32
100.71.23.161,19 Feb 25,02:46:22,19 Feb 25,14:45:59,17950.04
100.71.147.148,19 Feb 25,14:46:33,20 Feb 25,02:45:00,27565.85
100.71.70.251,20 Feb 25,02:46:22,20 Feb 25,14:45:59,12939.26
100.71.232.176,20 Feb 25,14:46:30,20 Feb 25,14:58:00,228.58
100.71.141.241,20 Feb 25,15:24:37,21 Feb 25,02:45:00,23861.23
100.71.159.207,21 Feb 25,02:46:22,21 Feb 25,14:45:59,16095.27
100.71.18.36,21 Feb 25,14:46:33,22 Feb 25,02:45:00,28783.47
100.71.199.116,22 Feb 25,02:46:23,22 Feb 25,14:45:59,20444.2
100.71.14.197,22 Feb 25,14:46:34,23 Feb 25,02:45:00,29163.79
100.71.54.111,23 Feb 25,02:46:22,23 Feb 25,10:39:00,8806.39
100.71.121.70,23 Feb 25,10:39:47,23 Feb 25,22:39:00,34261.92
100.71.135.220,23 Feb 25,22:39:55,24 Feb 25,02:45:00,6415.79
100.71.131.39,24 Feb 25,02:46:19,24 Feb 25,10:12:00,6197.82
100.71.97.237,24 Feb 25,10:15:13,24 Feb 25,11:30:00,3571.55
100.71.2.155,24 Feb 25,11:34:14,24 Feb 25,23:34:00,25981.35
100.71.144.82,24 Feb 25,23:34:24,25 Feb 25,02:45:00,4341.53
100.71.228.149,25 Feb 25,02:46:20,25 Feb 25,14:45:59,13935.63
100.71.205.230,25 Feb 25,14:46:33,26 Feb 25,02:45:00,63231.86
100.71.17.157,26 Feb 25,02:46:23,26 Feb 25,14:45:59,22474.4
100.71.115.234,26 Feb 25,14:46:30,26 Feb 25,15:25:59,2001.85
100.71.106.215,26 Feb 25,15:28:39,27 Feb 25,02:45:00,27876.74
100.71.242.84,27 Feb 25,02:46:20,27 Feb 25,14:45:59,13154.52
100.71.78.211,27 Feb 25,14:46:31,28 Feb 25,02:45:00,21261.02
100.71.223.237,28 Feb 25,02:46:19,28 Feb 25,04:10:59,275.53
100.71.174.89,28 Feb 25,05:45:16,28 Feb 25,05:45:59,1.02
100.71.90.170,28 Feb 25,05:51:51,28 Feb 25,05:53:00,3.29
100.71.236.254,28 Feb 25,05:58:36,28 Feb 25,05:59:00,0.24
100.71.93.2,28 Feb 25,06:02:03,28 Feb 25,06:02:59,0.35
100.71.156.138,28 Feb 25,06:08:38,28 Feb 25,06:09:00,0.92
100.71.255.225,28 Feb 25,06:09:41,28 Feb 25,06:19:00,18.79
100.71.116.45,28 Feb 25,06:19:48,28 Feb 25,08:54:59,5798.49
100.71.186.12,28 Feb 25,08:56:56,28 Feb 25,09:36:59,949.13
100.71.240.108,28 Feb 25,09:38:24,28 Feb 25,21:38:00,24074.24
100.71.168.18,28 Feb 25,21:38:32,28 Feb 25,21:46:00,245.38
100.71.69.72,28 Feb 25,21:47:26,28 Feb 25,22:00:59,255.23
100.71.179.94,28 Feb 25,22:02:58,01 Mar 25,02:45:00,5281.77
100.71.172.75,01 Mar 25,02:46:22,01 Mar 25,14:45:59,16156.19
100.71.20.148,01 Mar 25,14:46:35,02 Mar 25,02:45:00,30416.08
100.71.61.162,02 Mar 25,02:46:22,02 Mar 25,14:45:59,22104.05
100.71.207.127,02 Mar 25,14:46:33,03 Mar 25,02:45:00,31030.13
100.71.235.7,03 Mar 25,02:46:23,03 Mar 25,14:45:59,20731.49
100.71.33.82,03 Mar 25,14:46:34,04 Mar 25,02:45:00,24926.53
100.71.144.119,04 Mar 25,02:46:23,04 Mar 25,14:45:59,15461.17
100.71.239.176,04 Mar 25,14:46:34,05 Mar 25,02:45:00,22340.11
100.71.190.62,05 Mar 25,02:46:20,05 Mar 25,11:32:00,13115.7
100.71.26.101,07 Mar 25,11:17:18,07 Mar 25,23:16:59,23232.81
100.71.4.181,07 Mar 25,23:17:26,08 Mar 25,02:45:00,2159.3
100.71.127.69,08 Mar 25,02:46:19,08 Mar 25,08:59:59,6344.26
100.71.129.209,08 Mar 25,09:15:19,08 Mar 25,21:15:00,20572.02
100.71.184.103,08 Mar 25,21:15:28,09 Mar 25,02:45:00,6069.12
100.71.169.11,09 Mar 25,02:46:23,09 Mar 25,14:45:59,14447.17
100.71.206.119,09 Mar 25,14:46:31,10 Mar 25,02:45:00,26296.22
100.71.194.207,10 Mar 25,02:46:23,10 Mar 25,14:45:59,14823.56
100.71.128.229,10 Mar 25,14:46:31,11 Mar 25,02:45:00,25573.33
100.71.82.207,11 Mar 25,02:46:23,11 Mar 25,14:45:59,16650.67
100.71.91.71,11 Mar 25,14:46:34,12 Mar 25,02:45:00,22854.8
100.71.103.253,12 Mar 25,02:46:23,12 Mar 25,14:45:59,18709.48
100.71.108.39,12 Mar 25,14:46:31,12 Mar 25,15:36:00,1293.91
100.71.71.100,12 Mar 25,16:12:39,13 Mar 25,02:45:00,20271.06
100.71.104.16,13 Mar 25,02:46:23,13 Mar 25,07:40:59,2981.49
100.71.184.129,13 Mar 25,14:07:50,13 Mar 25,15:12:00,1407.08
100.71.17.200,13 Mar 25,15:39:12,13 Mar 25,15:49:59,299.09
100.71.216.140,13 Mar 25,15:53:44,14 Mar 25,02:45:00,17892.34
100.71.216.173,14 Mar 25,02:46:22,14 Mar 25,14:45:59,19924.37
100.71.189.156,14 Mar 25,14:46:34,15 Mar 25,02:45:00,22546.16
100.71.19.130,15 Mar 25,02:46:22,15 Mar 25,14:45:59,21910.89
100.71.30.80,15 Mar 25,14:46:30,15 Mar 25,16:31:00,3805.94
100.71.8.190,15 Mar 25,16:34:59,15 Mar 25,19:39:59,3026.12
100.71.46.119,15 Mar 25,19:40:27,16 Mar 25,02:45:00,13423.98
100.71.8.23,16 Mar 25,02:46:23,16 Mar 25,14:45:59,12876.47
100.71.226.80,16 Mar 25,14:46:34,17 Mar 25,02:45:00,22558.89
100.71.116.141,17 Mar 25,02:46:20,17 Mar 25,14:45:59,24954.98
100.71.153.171,17 Mar 25,14:46:33,18 Mar 25,02:45:00,14681.14
100.71.141.23,18 Mar 25,02:46:20,18 Mar 25,14:45:59,12705.62
100.71.92.87,18 Mar 25,14:46:33,19 Mar 25,02:45:00,21214.19
100.71.90.86,19 Mar 25,02:46:23,19 Mar 25,14:45:59,12585.57
100.71.204.183,19 Mar 25,14:46:34,20 Mar 25,02:45:00,15057.94
100.71.183.173,20 Mar 25,02:46:22,20 Mar 25,14:45:59,10865.93
100.71.159.29,20 Mar 25,14:46:27,20 Mar 25,15:36:59,808.78
100.71.7.41,20 Mar 25,15:38:51,20 Mar 25,16:34:00,1730.15
100.71.113.146,21 Mar 25,14:34:09,22 Mar 25,02:34:00,9233.3
100.71.13.38,22 Mar 25,02:34:17,22 Mar 25,02:45:00,3.65
100.71.28.43,22 Mar 25,02:46:22,22 Mar 25,14:45:59,13768.57
100.71.41.163,22 Mar 25,14:46:31,23 Mar 25,02:45:00,22827.93
100.71.91.195,23 Mar 25,02:46:22,23 Mar 25,14:45:59,30316.12
100.71.205.84,23 Mar 25,14:46:34,24 Mar 25,02:45:00,24351.83
100.71.13.72,24 Mar 25,02:46:22,24 Mar 25,14:45:59,22906.42
100.71.17.36,24 Mar 25,14:47:29,25 Mar 25,02:45:00,31130.1
100.71.93.206,25 Mar 25,02:46:23,25 Mar 25,14:45:59,27599.22
100.71.135.103,25 Mar 25,14:46:33,26 Mar 25,02:45:00,26258.45
100.71.57.62,26 Mar 25,02:46:23,26 Mar 25,14:45:59,27078.67
100.71.144.7,26 Mar 25,14:46:34,27 Mar 25,02:45:00,29447.76
100.71.147.30,27 Mar 25,02:46:22,27 Mar 25,14:45:59,18967.66
100.71.149.146,27 Mar 25,14:46:31,28 Mar 25,02:45:00,34852.59
100.71.160.42,28 Mar 25,02:46:23,28 Mar 25,14:45:59,24311.32
100.71.197.179,28 Mar 25,14:47:25,28 Mar 25,15:54:00,3128.78
100.71.12.224,29 Mar 25,14:31:29,30 Mar 25,02:30:59,31655.32
100.71.137.139,30 Mar 25,02:31:37,30 Mar 25,02:45:00,268.31
100.71.60.157,30 Mar 25,02:46:22,30 Mar 25,14:45:59,27726.67
100.71.59.149,30 Mar 25,14:46:34,31 Mar 25,02:45:00,24137.91
100.71.57.187,31 Mar 25,02:46:20,31 Mar 25,14:45:59,18987.9
100.71.97.3,31 Mar 25,14:46:30,01 Apr 25,02:45:00,26684.84
100.71.115.134,01 Apr 25,02:46:23,01 Apr 25,14:45:59,26310.26
100.71.89.67,01 Apr 25,14:46:34,02 Apr 25,02:45:00,19915.14
100.71.173.198,02 Apr 25,02:46:22,02 Apr 25,14:45:59,19767.56
100.71.3.89,02 Apr 25,14:46:33,03 Apr 25,02:45:00,22848.75
100.71.156.187,03 Apr 25,02:46:20,03 Apr 25,08:40:00,3115.33
100.71.207.43,03 Apr 25,08:40:27,03 Apr 25,20:40:00,18899.95
100.71.233.145,03 Apr 25,20:40:35,04 Apr 25,02:45:00,9748.06
100.71.157.15,04 Apr 25,02:46:23,04 Apr 25,14:45:59,22440.44
100.71.4.212,04 Apr 25,14:47:29,04 Apr 25,21:51:00,17747.51
100.71.16.51,04 Apr 25,21:51:33,05 Apr 25,02:45:00,6019.46
100.71.86.189,05 Apr 25,02:46:23,05 Apr 25,14:45:59,19259.92
100.71.42.121,05 Apr 25,14:46:31,05 Apr 25,22:36:00,23568.54
100.71.134.19,05 Apr 25,22:36:40,06 Apr 25,02:45:00,7127.75
100.71.171.103,06 Apr 25,02:46:20,06 Apr 25,14:45:59,21658.26
100.71.194.56,06 Apr 25,14:46:31,06 Apr 25,23:01:59,14721.81
100.71.194.121,06 Apr 25,23:04:04,07 Apr 25,02:45:00,2295.7
100.71.189.90,07 Apr 25,02:46:23,07 Apr 25,14:45:59,14158.56
100.71.50.220,07 Apr 25,14:46:33,08 Apr 25,02:45:00,17172.25
100.71.8.143,08 Apr 25,02:46:22,08 Apr 25,14:45:59,11192.39
100.71.96.239,08 Apr 25,14:46:33,09 Apr 25,02:45:00,12645.77
100.71.166.126,09 Apr 25,02:46:23,09 Apr 25,14:45:59,13846.47
100.71.72.144,09 Apr 25,14:46:34,10 Apr 25,02:45:00,17203.53
100.71.244.185,10 Apr 25,02:46:20,10 Apr 25,14:45:59,10613.23
100.71.146.24,10 Apr 25,14:46:31,11 Apr 25,02:45:00,18476.2
100.71.241.138,11 Apr 25,02:46:22,11 Apr 25,14:45:59,15078.22
100.71.50.105,11 Apr 25,14:46:33,12 Apr 25,02:45:00,18454.4
100.71.127.8,12 Apr 25,02:46:20,12 Apr 25,14:45:59,13700.21
100.71.176.77,12 Apr 25,14:46:31,13 Apr 25,02:45:00,20377.98
100.71.234.222,13 Apr 25,02:46:23,13 Apr 25,14:45:59,24812.7
100.71.190.91,13 Apr 25,14:46:31,13 Apr 25,16:37:00,2731.36
100.71.202.204,13 Apr 25,16:40:03,14 Apr 25,02:45:00,24397.45
100.71.234.20,14 Apr 25,02:46:23,14 Apr 25,14:45:59,16542.7
100.71.100.154,14 Apr 25,14:46:34,15 Apr 25,02:45:00,20560.47
100.71.104.245,15 Apr 25,02:46:23,15 Apr 25,14:45:59,19902.45
100.71.95.5,15 Apr 25,14:46:34,16 Apr 25,02:45:00,13159.76
100.71.160.203,16 Apr 25,02:46:22,16 Apr 25,14:45:59,25550.05
100.71.43.8,16 Apr 25,14:46:31,16 Apr 25,22:28:00,9756.49
100.71.139.47,16 Apr 25,23:05:36,17 Apr 25,02:45:00,1213.6
100.71.53.19,17 Apr 25,02:46:23,17 Apr 25,14:19:59,12216.79
100.71.242.132,17 Apr 25,15:27:29,18 Apr 25,02:45:00,13449.58
100.71.203.127,18 Apr 25,02:46:23,18 Apr 25,14:45:59,19523.89
100.71.70.39,18 Apr 25,14:46:30,18 Apr 25,14:53:59,152.08
100.71.100.45,18 Apr 25,15:22:19,19 Apr 25,02:45:00,12304.74
100.71.241.10,19 Apr 25,02:46:23,19 Apr 25,14:45:59,22461.38
100.71.229.190,19 Apr 25,14:46:34,20 Apr 25,02:45:00,19857.12
100.71.9.51,20 Apr 25,02:46:20,20 Apr 25,14:45:59,21270
100.71.66.11,20 Apr 25,14:46:33,21 Apr 25,02:45:00,25471.66
100.71.101.90,21 Apr 25,16:06:21,22 Apr 25,02:45:00,10953.69
100.71.209.46,22 Apr 25,02:46:23,22 Apr 25,14:45:59,22054.49
100.71.28.191,22 Apr 25,14:46:34,23 Apr 25,02:45:00,11682.61
100.71.73.67,23 Apr 25,02:46:23,23 Apr 25,11:35:59,13739.72
100.71.240.120,23 Apr 25,11:38:27,23 Apr 25,23:37:59,25916.19
100.71.71.156,23 Apr 25,23:38:35,24 Apr 25,02:45:00,81.43
100.71.108.109,24 Apr 25,02:46:19,24 Apr 25,06:27:00,1318.15
100.71.171.56,24 Apr 25,06:27:53,24 Apr 25,06:35:00,12.17
100.71.95.20,24 Apr 25,06:35:25,24 Apr 25,09:49:00,7984.18
100.71.164.133,24 Apr 25,09:55:31,24 Apr 25,21:54:59,17506.9
100.71.209.125,24 Apr 25,21:55:41,25 Apr 25,02:45:00,5036.91
100.71.97.25,25 Apr 25,02:46:23,25 Apr 25,14:45:59,27161.12
100.71.95.82,25 Apr 25,14:46:34,26 Apr 25,02:45:00,17181.8
100.71.148.186,26 Apr 25,02:46:23,26 Apr 25,14:45:59,23898.15
100.71.130.59,26 Apr 25,14:46:33,27 Apr 25,02:45:00,15937.91
100.71.189.69,27 Apr 25,02:46:19,27 Apr 25,08:59:00,4135.33
100.71.255.205,28 Apr 25,17:31:58,29 Apr 25,02:45:00,12017.02
100.71.168.79,29 Apr 25,02:46:20,29 Apr 25,07:34:00,7444.71
100.71.173.204,29 Apr 25,07:34:44,29 Apr 25,12:01:00,10055.1
100.71.87.52,29 Apr 25,12:02:10,30 Apr 25,00:01:59,23919.91
100.71.225.113,30 Apr 25,00:02:18,30 Apr 25,02:45:00,548.74
100.71.224.211,30 Apr 25,02:46:23,30 Apr 25,14:45:59,17851.36
100.71.60.106,30 Apr 25,14:46:34,01 May 25,02:45:00,11809.35
100.71.117.16,01 May 25,02:46:22,01 May 25,14:45:59,14509.81
100.71.59.89,01 May 25,14:46:33,02 May 25,02:45:00,21230.18
100.71.113.175,02 May 25,02:46:23,02 May 25,14:45:59,22589.61
100.71.34.78,02 May 25,14:46:34,03 May 25,02:45:00,14703.4
100.71.204.210,03 May 25,02:46:22,03 May 25,14:45:59,21901.51
100.71.118.177,03 May 25,14:46:33,04 May 25,02:45:00,18973.03
